Date,black_litterman,politique_bandes,hrp,equipondere
2007-11-30,-0.027311823412827282,-0.027228590619626788,-0.0012581026627625199,-0.027056692857386596
2007-12-31,0.0029689089961897476,0.001624606284406696,0.0055181196541852755,-0.0012891529872941874
2008-01-31,-0.03597315495858916,-0.039017284851661976,-0.0024034679950994267,-0.04291460476366708
2008-02-29,0.006552473991079843,0.0029525232738231355,0.009758780680381694,-0.0008372212320040759
2008-03-31,-0.00408102995870008,-0.004172205125315009,0.003747024752502939,-0.004288385739778897
2008-04-30,0.03170547280753387,0.03150326579590768,0.005420707901881971,0.03214694442031261
2008-05-31,0.024426409321893806,0.022118867559187,0.006032927183982019,0.01978989049158075
2008-06-30,-0.032497071312217136,-0.03690904593072846,-0.007476671201231563,-0.043342612176288715
2008-07-31,-0.016551292103952047,-0.015687701952343966,0.004225530587412637,-0.013436365701658513
2008-08-31,0.011527035945132017,0.011066644044137217,0.007301136398243599,0.01577707710195581
2008-09-30,-0.06977933448476438,-0.0680680876142163,-0.021085050946432687,-0.06814070117616532
2008-10-31,-0.11697654687500804,-0.11288197434202028,-0.015449290578120608,-0.1317688753218031
2008-11-30,-0.025424185283804735,-0.018243930308295492,0.011485930859460808,-0.028672750860500435
2008-12-31,-0.002234359918069066,0.0003466867891166902,0.020382286714728914,-0.0041265491103958385
2009-01-31,-0.036254297840241166,-0.036209803056763974,-0.008655850054068078,-0.03870156547110871
2009-02-28,-0.04465431508801706,-0.03804220111191761,0.003732588627268099,-0.04975152299118566
2009-03-31,0.04661886378619408,0.04370851565075797,0.01563768100169774,0.03700902925805036
2009-04-30,0.0532396563027076,0.048243765990273677,0.008364322609448947,0.061245669287452384
2009-05-31,0.057352028440189766,0.05134342875512609,0.0025962048080494125,0.06138778067978532
2009-06-30,0.0027010458741390767,0.0019666957802773888,0.006107782808516456,0.005144409937747301
2009-07-31,0.03645555217922976,0.03638188365252538,0.008576375244003582,0.04119749658400138
2009-08-31,0.01611153445433003,0.016290508597712264,0.007176891065518032,0.027164890763480894
2009-09-30,0.02826688369675372,0.027105886697100283,0.008737236797937415,0.03128156312131526
2009-10-31,-0.02066013425930851,-0.0197707990439822,-0.0004980602814409601,-0.01926462584558566
2009-11-30,0.0341555822995891,0.033455991517036716,0.012282651564460111,0.028874470018228175
2009-12-31,0.01156101499641843,0.011257494604841224,-0.00826482525157264,0.02207839854689355
2010-01-31,-0.021529079556810073,-0.02007717866719687,0.011385982155687223,-0.01412807054448401
2010-02-28,0.022972220025330024,0.021010936787610835,0.0029824107164901615,0.018408806811705376
2010-03-31,0.025773078692148992,0.025168040597895135,-0.008462350227197853,0.024880779375794734
2010-04-30,0.006163940985431127,0.00469525792005614,-0.0027708621300699143,0.004286029582083032
2010-05-31,-0.03875767708044561,-0.03126143008186805,0.0036660241083665496,-0.032677648578841055
2010-06-30,-0.016530739433625166,-0.015289647915812877,0.017114655102882893,-0.012378672926917087
2010-07-31,0.03915536073694456,0.03414994024822012,0.006579955568466627,0.04076096518452067
2010-08-31,-0.0021937096501766554,0.00062732111750809,0.010980216616514691,0.0018575436650933625
2010-09-30,0.03946235588445616,0.034051325804807894,0.002791385624833192,0.03869874459425358
2010-10-31,0.016171711267996096,0.01689724041033974,0.004632053333483955,0.016426038572470342
2010-11-30,-0.0037860213531411137,-0.001579021505819561,-0.008310745440298308,-0.007226974346530615
2010-12-31,0.02839030920490066,0.03035605354905032,0.003203792548088128,0.02915160895707269
2011-01-31,0.009221293952480399,0.009951038922148535,-0.0004839539338106362,0.013392359311640959
2011-02-28,0.02526269583483695,0.024469756376566964,0.0004504082108583289,0.024208796841532723
2011-03-31,-0.0009411293306015234,-0.0010765101214160761,0.0018232224773230834,0.0026026796052959107
2011-04-30,0.0049139991633390225,0.006233541805094411,0.004919600851409121,0.007237431842969443
2011-05-31,3.327004749112109e-05,-0.0008885776213120517,0.009019785214719333,0.00011718918060710703
2011-06-30,-0.013406140010470842,-0.013067821620165274,0.0018343282210501687,-0.010217410364530728
2011-07-31,-0.011417087827815366,-0.011209626655091749,0.009374256778628175,-0.009823531786118132
2011-08-31,-0.021536153921436495,-0.018413699165624645,0.007869813936854335,-0.02352979763323693
2011-09-30,-0.0422530278685727,-0.037997436920786186,0.00872285876440936,-0.034221347813362155
2011-10-31,0.047887505471781305,0.03961818568593969,-0.0020665716983838296,0.04108310475366724
2011-11-30,0.0016708438958846043,0.0021286531100873523,0.003968061409625176,0.0045510640956125436
2011-12-31,0.004420565244061726,0.004307319430811941,0.008393737450876607,0.005645889288946259
2012-01-31,0.02844623176416568,0.025547562092701235,0.0026499453399846376,0.024481053064809577
2012-02-29,0.020860903204361875,0.01798317695265736,-0.0014335347173156936,0.022414989555934187
2012-03-31,0.004570789979665899,0.002784317040592289,-0.0021407572202154605,0.0036392810280294016
2012-04-30,-0.007406913566743124,-0.00358630297814941,-0.0007018019701229849,-0.0015787191190466483
2012-05-31,-0.03571432778883328,-0.02939884326755855,0.00907930514136208,-0.027998053391977168
2012-06-30,0.023653193561589514,0.01883947320979047,0.0032994832177305885,0.0217566710487971
2012-07-31,0.007703040723077667,0.009014364548726547,0.0032440168987744366,0.010747056547373828
2012-08-31,0.015197673273133242,0.013366411356590268,5.131206319341577e-05,0.011919513897929042
2012-09-30,0.016990984377289714,0.01605642516287339,0.004412497716093099,0.014012491895464605
2012-10-31,0.0005036021003519812,0.00027580419153236076,0.0005753161960144973,-0.0007597927191344186
2012-11-30,0.00523427627258381,0.0004807393154831212,0.0029044300174237815,0.0019529934845567704
2012-12-31,0.015419657237368536,0.015131107213948593,0.00016453096044390464,0.019422421308900394
2013-01-31,0.024570495396183622,0.019622593240857807,-0.0013444837327445944,0.01973016176534206
2013-02-28,0.012542194567978818,0.012251747191267622,0.007653503515257027,0.01151854235181807
2013-03-31,0.011119769679088221,0.009369196998710342,0.002280967197698403,0.009398035763295431
2013-04-30,0.012145908719820634,0.010082845687461916,0.005119840913064034,0.017067342373792822
2013-05-31,0.002118706859605448,0.0012327177087714646,-0.006511062243011896,-0.005742666330325557
2013-06-30,-0.025415600466314192,-0.0264426349174927,-0.009148863722077408,-0.028604599405577486
2013-07-31,0.02369359742044483,0.02237862633888224,0.0028850616227951366,0.017146538939332
2013-08-31,-0.008497477094902674,-0.00861227744991008,-0.002805277330793171,-0.012041869703604106
2013-09-30,0.02129601686289955,0.01966634615816093,0.0035663379735359057,0.022004145797583835
2013-10-31,0.029701893152771486,0.03232551837525489,0.009367834601941776,0.029872812012248166
2013-11-30,0.008776506382859445,0.008687669851335697,6.81955409535098e-05,0.0050570074116911175
2013-12-31,0.010795652023678732,0.012069987572555056,-0.0007038616734591514,0.012158037255616925
2014-01-31,-0.008635387756625987,-0.005453349828825259,0.012268868846935396,-0.005683906853442217
2014-02-28,0.029962729579863387,0.028607631478124104,0.0033884612679801413,0.027729035665771513
2014-03-31,0.004304801236128539,0.005384802557007385,-0.0006219678327495813,0.00501957901573422
2014-04-30,0.009560363870142882,0.010901051565760144,0.0034949096098488928,0.010742129026470988
2014-05-31,0.011841771954245689,0.012317540791846233,0.005602576038882749,0.012462194552141679
2014-06-30,0.014852949395406335,0.01534809610328305,0.002895914465019713,0.011323927174010675
2014-07-31,0.004740306220698444,0.003457425251327403,0.001839545094511147,0.0013016738566007607
2014-08-31,0.015707072036000472,0.019447654575228946,0.005055612565092896,0.01787681590008532
2014-09-30,-0.014885078872415424,-0.01625449741324677,-0.003932906037501918,-0.014735348457373345
2014-10-31,0.0030722696839185796,0.0077846622877702195,0.0037169929320605664,0.011442265596204376
2014-11-30,0.01550615984415054,0.017078246509063564,0.007724362930081885,0.015262362471984883
2014-12-31,-0.002966388745458548,-0.005422023800350595,0.002189137046080083,-0.009068132070009638
2015-01-31,0.013595308408591095,0.016444817561878933,0.025857373230490848,0.027756891152754763
2015-02-28,0.03226885628621262,0.03084200272554675,0.0002861869319407016,0.026806215459467004
2015-03-31,-0.007505718020971674,-0.0092746386477142,-0.0011876909631178241,-0.006978064151464723
2015-04-30,0.004206071820423871,0.005113317356750283,-0.005860353538422701,0.0044365365790131105
2015-05-31,0.001121489374234612,0.0007249293610105134,0.001364626924262349,-0.003169603469815351
2015-06-30,-0.022246362253737148,-0.021145885308630787,-0.00051893489875365,-0.01979452955215967
2015-07-31,0.019393593815246583,0.017756559350103222,0.006980723988806199,0.01672231468505696
2015-08-31,-0.04381875975584644,-0.04328308014645669,-0.007039056119651591,-0.04290436301297597
2015-09-30,-0.01928501152708203,-0.01914070684985958,-0.0034449163299581998,-0.01485315863960243
2015-10-31,0.03143458807669863,0.031071185873484522,0.001187668250603497,0.028207757307902342
2015-11-30,0.0034950765530773137,0.002504686074866897,-0.00015475399615427283,0.001815073189218604
2015-12-31,-0.016429030819042657,-0.01624677529869229,0.0027669608596585047,-0.01775661218737359
2016-01-31,-0.019970972708912457,-0.0206044354434748,0.001939809763876107,-0.016225536843978407
2016-02-29,-0.0057645633026749505,-0.0021777056710637122,6.211889650974832e-06,-0.0019562979104135133
2016-03-31,0.03538938056698477,0.036178783849116616,0.006270880455347398,0.0357354208291953
2016-04-30,0.01066781898290241,0.01094943796718696,0.00019691038135892763,0.010460383385597393
2016-05-31,0.011748676777252548,0.012595564962278833,0.0033700218866435775,0.012717310106166514
2016-06-30,0.0022736884378347687,0.005289867662389868,0.0077600601152139495,0.008598244466791395
2016-07-31,0.025491112125581757,0.025926221494701796,0.0036588800267565408,0.023236925385115553
2016-08-31,0.002450571190154475,-8.234704442183362e-05,-0.0007681225829417455,-0.004521592027089456
2016-09-30,0.004657358635664336,0.0038724394533984955,0.0018703439282762699,0.002747855969955186
2016-10-31,-0.002471506846532911,-0.004211429914626478,-0.001303606582866512,-0.005140115169490594
2016-11-30,0.011548141690358288,0.011267381300051265,-0.006497404245618123,0.007003363103314352
2016-12-31,0.011209009473780467,0.014937133739997875,0.00016556232931840426,0.017408629207976863
2017-01-31,0.006259637030820172,0.007686926983982762,0.0020940461740407545,0.005606271410264688
2017-02-28,0.01321443621491814,0.017214583005055194,0.005205817573755649,0.01803691350896183
2017-03-31,0.00708905398462538,0.007139188724083979,0.0014255204543201657,0.007579785826012107
2017-04-30,0.00940653928012662,0.009997651500796758,0.0054032059923737295,0.010282524734939437
2017-05-31,0.002453939278886082,0.00428283164793747,0.0017150790600393223,0.004373913337531679
2017-06-30,-0.00769332313739627,-0.00674809813336875,-0.00964848321070093,-0.007489217744750936
2017-07-31,-0.0016097112053334232,0.00019300752290558255,-0.0060308381440300025,-0.002292212344764054
2017-08-31,0.005586512242468446,0.005210758597793544,0.00528325592068545,0.006074209323474264
2017-09-30,0.012312890248326254,0.014250551317662334,-0.004034315009205546,0.010788208082978328
2017-10-31,0.023048820767360104,0.02346769777085536,0.008492091730372117,0.021584681006744627
2017-11-30,0.009886683343236245,0.012192581645427265,0.00297899454498531,0.010732098327594428
2017-12-31,0.005671903281679635,0.006591765991092942,-0.001708897993608708,0.006078459411235626
2018-01-31,0.011082278214313485,0.00939882117112842,-0.004150127975667482,0.006930548668779697
2018-02-28,-0.023674622909558896,-0.023155204052979,0.0005153771981266384,-0.019130576486804662
2018-03-31,-0.006782308847354394,-0.0054970061345745065,0.002392753942107738,-0.0016304898862142933
2018-04-30,0.009532949303519138,0.007920803503319833,-0.00035511033788872005,0.007833850215545623
2018-05-31,0.015009839040355449,0.01803340787066425,0.003889742757058317,0.0158312072257438
2018-06-30,0.004823823712535159,0.00723839342285353,0.001726145052747478,0.005852095971673265
2018-07-31,0.013952292153720269,0.015473167977762199,0.00025478339096986517,0.013983718623988693
2018-08-31,0.008480932429233428,0.007621752750609604,0.004960132029026722,0.007600202427967321
2018-09-30,-0.003868807910122779,-0.003333872414714127,-0.003242925666457581,-0.0021961554728991118
2018-10-31,-0.040690684344791846,-0.043789281340501494,-0.006052046668419056,-0.03624240084097554
2018-11-30,0.015783443441683587,0.01578936222917804,0.007917360300012026,0.014270057148846044
2018-12-31,-0.04344325730681951,-0.04557009387575267,0.0036636605524361567,-0.038987542727853694
2019-01-31,0.055327261174536777,0.056715749392367794,0.013269959037251162,0.053058368456657026
2019-02-28,0.021154410396968658,0.02227440945497304,0.003936265548255829,0.02231936907993255
2019-03-31,0.017021841953273165,0.01741189310068587,0.010892461802804078,0.018785093355617153
2019-04-30,0.01816282907046462,0.021114774496023524,0.0023380624866273475,0.013368788317249506
2019-05-31,-0.01740734062978825,-0.024879410321251672,0.004996415489882566,-0.01778280384403991
2019-06-30,0.028768351802054698,0.02897675825336637,0.004193098530824225,0.024222688363607463
2019-07-31,0.004714109468813706,0.005905450957937083,-0.0004090561563869808,0.005971848644771302
2019-08-31,0.00386168010538629,0.0028174150738566337,0.010360705626982535,0.006392329036723687
2019-09-30,0.013740593486424703,0.013865506704139479,-0.003778313042389214,0.014343338130579308
2019-10-31,0.0010548595912500162,0.003717231739978027,0.001324914673398804,0.003771486775639211
2019-11-30,0.020395534903491722,0.023930093110383677,0.003419019708100751,0.020050003409977472
2019-12-31,-0.0006070932321542634,0.003582802563932069,-0.0027845021539543674,0.00020097385296751096
2020-01-31,0.015912728008368262,0.012205872876818832,0.012263150685484964,0.013254274513165165
2020-02-29,-0.0437388405830819,-0.04440625997185698,0.0034257398451755026,-0.03832343663785635
2020-03-31,-0.12153327654891548,-0.12008746741676551,-0.013952445332956176,-0.12330725857093816
2020-04-30,0.07795823105535137,0.07700926524848577,0.021455762487240303,0.06710645672164256
2020-05-31,0.02400272131323184,0.024547799514961992,0.0034908622331098617,0.018845070613534114
2020-06-30,0.020402167645853238,0.020503561485704997,0.0072166340626787845,0.020412709029831246
2020-07-31,0.0272099393408784,0.026726832909891043,0.0064849021492396405,0.01805777861866162
2020-08-31,0.02127068401865961,0.02228833048928432,-0.0008337095549624126,0.015452654834697543
2020-09-30,-0.015310457307594564,-0.015868124184985493,0.0012030011639434035,-0.011795464189096765
2020-10-31,-0.0222502047381092,-0.022876472808229353,-0.0016751486072909445,-0.02120760386821124
2020-11-30,0.0790930583685173,0.08161877224332834,0.007187718141100401,0.08660946678930079
2020-12-31,0.014381197452973485,0.014338488512541827,0.0032129578217749803,0.009254097527800546
2021-01-31,-0.006153834289367298,-0.005573390324389816,-0.00039542639253356836,-0.003520304821663388
2021-02-28,0.015120244057687691,0.018226292117931947,-0.009930125762061974,0.016858202814033146
2021-03-31,0.02690258310679835,0.030773292832993064,0.0015662223200144621,0.029447487242464543
2021-04-30,0.021794385875099097,0.02378166854860255,0.0016867527863387783,0.02203572214014985
2021-05-31,0.01581354459170653,0.01755750859650171,0.0016314295417257237,0.016255416324005095
2021-06-30,0.016401044706915977,0.01997181771689581,0.0002709003183822722,0.017965817816951102
2021-07-31,0.013395733640589012,0.014693499390530045,0.005531938774405095,0.016292099728225786
2021-08-31,0.012590098867295976,0.01377956466012483,0.00046619522284970405,0.011776180758928856
2021-09-30,-0.023277250856809446,-0.024964989520223045,-0.005505659218288393,-0.0222513150420168
2021-10-31,0.03279153973089263,0.03771631525538117,-0.009432705944453824,0.03209447909237337
2021-11-30,-0.006742086813081857,-0.009698461778170898,0.0019188457509135334,-0.013303586110024497
2021-12-31,0.02263287456025498,0.025014104909928975,0.006130904092836814,0.026759878289142985
2022-01-31,-0.02798765237100403,-0.02771614578410848,-0.013541183739751108,-0.028067049640577015
2022-02-28,-0.008757261317356184,-0.011548252483085528,-0.0022528550899865575,-0.009820124917098159
2022-03-31,0.012265948931107204,0.01718641871357203,-0.01831616319793276,0.012250430338645266
2022-04-30,-0.04680445763749372,-0.050410508598760964,-0.014798322052658441,-0.042437214981255196
2022-05-31,-0.0010248594489371465,0.00031426541522144033,0.0020101390553537626,-0.002293826878473932
2022-06-30,-0.05584542800410074,-0.06465157789128838,-0.011790291618497357,-0.06038328712932781
2022-07-31,0.04624799251090427,0.052083253132366135,0.01675938767764966,0.048983956339882416
2022-08-31,-0.027557662418305484,-0.02853339050480109,-0.017478095337342806,-0.02990552675000894
2022-09-30,-0.04042360303498951,-0.048777757834306254,-0.005156264661595047,-0.04822416539750505
2022-10-31,0.03098704293383857,0.04223561030034305,0.002047373200842885,0.03696669497904414
2022-11-30,0.04392872766107523,0.05003519405958227,0.013085545362066442,0.050493652936826734
2022-12-31,-0.031075064878294565,-0.03913020830376429,-0.0036073469794487855,-0.03185563868580784
2023-01-31,0.05140965235125133,0.05939183969733375,0.016620945567040465,0.05908488379920922
2023-02-28,-0.014865149007136159,-0.017662470736374017,-0.009027610558451858,-0.012964871393485296
2023-03-31,0.012105335392309324,0.00870539252297192,0.012609858276855707,0.003329099672327347
2023-04-30,0.01772415546885945,0.02016637720613588,0.0049651757854589675,0.016101019094869776
2023-05-31,-0.01996156495055367,-0.02342931129935269,-0.010912363053460033,-0.02139394410532981
2023-06-30,0.023192291595469042,0.02930189276539598,-0.0002641347626928753,0.02123503247576791
2023-07-31,0.00995747382410126,0.014947527891878894,-0.0015920401034921609,0.013065034097285929
2023-08-31,-0.009544142991182749,-0.012528425197447601,0.0022434465004992064,-0.013048409782514135
2023-09-30,-0.025211793580547648,-0.03188581775448798,-0.008316934348711568,-0.03001315279173689
2023-10-31,-0.0151063975424813,-0.021470526274135412,0.00480288556329083,-0.023772303324493572
2023-11-30,0.05706494937998084,0.06626249245434351,0.02412139664864025,0.06090948261597758
2023-12-31,0.03280025777076546,0.03887557806749305,0.017310251860513777,0.04052294183214983
2024-01-31,0.005636535530699564,0.004392479096650453,-0.0015968744619677896,0.002362361280042319
2024-02-29,0.02440972472710097,0.022340478858485422,0.0015566822124587457,0.015076074223008077
2024-03-31,0.02522067204809786,0.027101922872223773,0.005955202691178479,0.02426204198844846
2024-04-30,-0.022706839378797385,-0.02659049195318373,-0.008215505498889952,-0.027440669221123246
2024-05-31,0.029339076952169727,0.029218319850649998,0.011536965716573555,0.023707597933062458
2024-06-30,0.006908442957489599,0.004934688122520726,0.007150586447238948,0.003832998613127376
2024-07-31,0.02585276042750094,0.030785495222567637,0.01659598005009903,0.03309966529659093
2024-08-31,0.01215780517281779,0.016278537970558855,0.006258599802755366,0.020113647523815496
2024-09-30,0.019583125242054876,0.021355197807105885,0.013380007909294604,0.023497295364594103
2024-10-31,-0.00982902638420233,-0.010035184946484916,-0.004609952340946179,-0.019952969848951282
2024-11-30,0.034549579881437115,0.039422203186466095,0.009068359092495041,0.02535409077468763
2024-12-31,-0.02122720042687616,-0.024113375535998006,0.0010605317496649913,-0.023969346556840156
2025-01-31,0.025780408271024437,0.027461646511910926,0.008976323575228692,0.020523348726007425
2025-02-28,0.002994622150265594,0.0010492098236124438,0.00617070885677887,0.006052586356789226
2025-03-31,-0.01638315773540808,-0.02279453792593625,0.0012827024463466009,-0.015228980008578556
2025-04-30,-0.0049108199135383035,-0.005153991715151489,-7.171716055985768e-05,-0.005047817191484515
2025-05-31,0.03613131615108773,0.03951960233470011,0.004365783610425978,0.03643173454328889
2025-06-30,0.017469621746531095,0.019600647679364577,0.003444556122317893,0.014492660938411206
2025-07-31,0.008590199625416673,0.010536934394455258,-0.0012486217580359557,0.007433137850868076
2025-08-31,0.02402755587022202,0.024879489560819763,0.007165468321639839,0.021850177492991008
2025-09-30,0.02873773313094905,0.03027386063369135,0.011410682356390875,0.02230218030145255
2025-10-31,0.010271010210497462,0.012788940507100548,0.004707138715039744,0.007864911730094522
2025-11-30,0.011581979963741077,0.011776432144676711,0.002182450600168742,0.007095256882717401
2025-12-31,0.0013991157694202001,0.002539314729446344,-0.003059388647603113,0.0011818577339548703
2026-01-31,0.00999053896961473,0.011183853100463995,0.0060123644958259,0.01729085327071913
2026-02-28,0.02825478958480775,0.028542822502145713,0.011133958977743077,0.023737904151537467
2026-03-31,-0.03174049873604093,-0.0377579215233602,-0.013613355609236488,-0.03662833224719992
2026-04-30,0.03494339252908361,0.046247588977387635,0.005670896075872247,0.04313547285654768
2026-05-31,0.021814264793966295,0.027104191087379683,0.009903542608385722,0.023232176629014202
2026-06-30,0.008977541794926916,0.008875005893312972,0.004847164206724465,0.010729868579751986
2026-07-31,0.0013540347284385693,0.0020187768031402465,-0.0052278276790500445,2.2531021927038234e-05
2026-08-31,0.013014077629601748,0.015870320796861796,0.0016470743038948293,0.0046156119759044375
